{
  "manifest_version": 3,
  "name": "Harpoon Telescope",
  "version": "2.0.0",
  "description": "Harpoon + Telescope inspired browser extension — search pages, live preview, and anchor up to 4 tabs with scroll memory.",
  "permissions": [
    "tabs",
    "activeTab",
    "storage"
  ],
  "host_permissions": [
    "<all_urls>"
  ],
  "background": {
    "service_worker": "background.js"
  },
  "content_scripts": [
    {
      "matches": ["<all_urls>"],
      "js": ["contentScript.js"],
      "match_about_blank": true,
      "run_at": "document_idle"
    }
  ],
  "commands": {
    "open-tab-manager": {
      "suggested_key": { "default": "Alt+T" },
      "description": "Open Tab Manager panel"
    },
    "tab-manager-add": {
      "suggested_key": { "default": "Alt+Shift+T" },
      "description": "Add current tab to Tab Manager"
    },
    "open-search-current": {
      "suggested_key": { "default": "Alt+F" },
      "description": "Search in current tab"
    }
  },
  "options_ui": {
    "page": "optionsPage/optionsPage.html",
    "open_in_tab": true
  },
  "action": {
    "default_icon": {
      "48": "icons/icon-48.png",
      "96": "icons/icon-96.png"
    },
    "default_popup": "toolbarPopup/toolbarPopup.html",
    "default_title": "Harpoon Telescope"
  },
  "icons": {
    "48": "icons/icon-48.png",
    "96": "icons/icon-96.png",
    "128": "icons/icon-128.png"
  }
}
